{
    "id": "tech",
    "theme": "tech",
    "title": "CYBER_STORE",
    "subtitle": "FUTURE_READY",
    "style": {
        "colors": {
            "primary": "#00ff00",
            "onPrimary": "#000000",
            "secondary": "#111111",
            "onSecondary": "#00ff00",
            "background": "#000000",
            "text": "#00ff00",
            "border": "#003300",
            "cardBg": "#050505"
        },
        "typography": {
            "fontFamily": "Courier New, monospace",
            "headingsFamily": "Courier New, monospace"
        },
        "shape": {
            "borderRadius": "0px",
            "borderWidth": "1px"
        },
        "effects": {
            "shadow": "0 0 10px rgba(0, 255, 0, 0.2)"
        }
    },
    "apiConfig": {
        "endpoint": "products/category/laptops",
        "params": {
            "limit": 8
        }
    },
    "features": {
        "hero": true
    },
    "header": {
        "links": [
            {
                "label": "Products",
                "href": "/universal/tech"
            },
            {
                "label": "Specs",
                "href": "/universal/tech/about"
            },
            {
                "label": "Support",
                "href": "/universal/tech/contact"
            },
            {
                "label": "Login",
                "href": "/universal/tech/login"
            }
        ],
        "cartIcon": true
    },
    "footer": {
        "text": "SYSTEM_ONLINE // V.2.0.24",
        "links": [
            {
                "label": "Protocols",
                "href": "/universal/tech/terms"
            },
            {
                "label": "Data",
                "href": "/universal/tech/privacy"
            }
        ]
    }
}