{
    "id": "minimalist",
    "theme": "minimalist",
    "title": "Essence",
    "subtitle": "Less is more.",
    "style": {
        "colors": {
            "primary": "#171717",
            "onPrimary": "#ffffff",
            "secondary": "#f5f5f5",
            "onSecondary": "#171717",
            "background": "#ffffff",
            "text": "#171717",
            "border": "#e5e5e5",
            "cardBg": "#ffffff"
        },
        "typography": {
            "fontFamily": "Helvetica Neue, sans-serif",
            "headingsFamily": "Helvetica Neue, sans-serif"
        },
        "shape": {
            "borderRadius": "0px",
            "borderWidth": "1px"
        },
        "effects": {
            "shadow": "none"
        }
    },
    "apiConfig": {
        "endpoint": "products/category/furniture",
        "params": {
            "limit": 8
        }
    },
    "features": {
        "hero": true
    },
    "header": {
        "links": [
            {
                "label": "Shop",
                "href": "/universal/minimalist"
            },
            {
                "label": "Journal",
                "href": "/universal/minimalist/about"
            },
            {
                "label": "Info",
                "href": "/universal/minimalist/contact"
            },
            {
                "label": "Account",
                "href": "/universal/minimalist/login"
            }
        ],
        "cartIcon": true
    },
    "footer": {
        "text": "Simplicity is the ultimate sophistication.",
        "links": [
            {
                "label": "Policy",
                "href": "/universal/minimalist/privacy"
            },
            {
                "label": "Terms",
                "href": "/universal/minimalist/terms"
            }
        ]
    }
}