{
    "id": "hologram_hud",
    "title": "SYSTEM_OS",
    "subtitle": "v2.0.26",
    "description": "Sci-fi interface with grid lines, flickering text, and holographic feel.",
    "categoryLayout": "bar",
    "gridLayout": "grid",
    "filterLayout": "sidebar-left",
    "style": {
        "colors": {
            "primary": "#00FFFF",
            "onPrimary": "#000000",
            "secondary": "#0033FF",
            "onSecondary": "#FFFFFF",
            "background": "#001133",
            "text": "#00FFFF",
            "cardBg": "rgba(0, 255, 255, 0.05)",
            "border": "#00FFFF",
            "accent": "#FF0000"
        },
        "typography": {
            "fontFamily": "Share Tech Mono, monospace",
            "headingsFamily": "Share Tech Mono, monospace",
            "baseSize": "14px",
            "scaleRatio": 1.1
        },
        "shape": {
            "borderRadius": "4px",
            "borderWidth": "1px",
            "boxShadow": "0 0 10px rgba(0, 255, 255, 0.2)"
        },
        "animations": {
            "buttonHover": "background: rgba(0, 255, 255, 0.2);",
            "cardHover": "border-color: #FFFFFF;"
        }
    },
    "header": {
        "layout": "logo-left",
        "iconPosition": "right",
        "sticky": true,
        "cartIcon": true,
        "links": [
            {
                "label": "Modules",
                "href": "/universal/hologram_hud"
            },
            {
                "label": "Status",
                "href": "/universal/hologram_hud/status"
            },
            {
                "label": "Deploy",
                "href": "/universal/hologram_hud/deploy"
            }
        ]
    },
    "footer": {
        "layout": "grid",
        "showSocials": true,
        "text": "SECURE CONNECTION ESTABLISHED",
        "links": [
            {
                "label": "Logs",
                "href": "/universal/hologram_hud/logs"
            }
        ]
    },
    "apiConfig": {
        "endpoint": "products",
        "params": {
            "limit": 8
        }
    },
    "features": {
        "hero": true
    },
    "products": [
        {
            "id": 1,
            "name": "Data Chip",
            "price": "$50.00",
            "image": "https://images.unsplash.com/photo-1518770660439-4636190af475?w=800&q=80",
            "rating": 5.0,
            "category": "Components",
            "tags": [
                "Data",
                "Storage"
            ]
        },
        {
            "id": 2,
            "name": "Interface Panel",
            "price": "$200.00",
            "image": "https://images.unsplash.com/photo-1555664424-778a6902201b?w=800&q=80",
            "rating": 4.8,
            "category": "Display",
            "tags": [
                "Touch",
                "Input"
            ]
        },
        {
            "id": 3,
            "name": "Power Cell",
            "price": "$120.00",
            "image": "https://images.unsplash.com/photo-1555616635-640960031520?w=800&q=80",
            "rating": 4.9,
            "category": "Energy",
            "tags": [
                "Battery",
                "Core"
            ]
        },
        {
            "id": 4,
            "name": "Optic Sensor",
            "price": "$80.00",
            "image": "https://images.unsplash.com/photo-1563770095-39d468f9a51d?w=800&q=80",
            "rating": 4.7,
            "category": "Sensors",
            "tags": [
                "Vision",
                "Scan"
            ]
        }
    ]
}