{
    "id": "editorial",
    "theme": "editorial",
    "title": "The Edit",
    "subtitle": "Stories Matter",
    "style": {
        "colors": {
            "primary": "#b91c1c",
            "onPrimary": "#ffffff",
            "secondary": "#f3f4f6",
            "onSecondary": "#1f2937",
            "background": "#fdfbf7",
            "text": "#1c1917",
            "border": "#e7e5e4",
            "cardBg": "#ffffff"
        },
        "typography": {
            "fontFamily": "Georgia, serif",
            "headingsFamily": "Georgia, serif"
        },
        "shape": {
            "borderRadius": "0px",
            "borderWidth": "1px"
        },
        "effects": {
            "shadow": "none"
        }
    },
    "apiConfig": {
        "endpoint": "products/category/tops",
        "params": {
            "limit": 8
        }
    },
    "features": {
        "hero": true
    },
    "header": {
        "links": [
            {
                "label": "Lookbook",
                "href": "/universal/editorial"
            },
            {
                "label": "Agency",
                "href": "/universal/editorial/about"
            },
            {
                "label": "Press",
                "href": "/universal/editorial/contact"
            },
            {
                "label": "Profile",
                "href": "/universal/editorial/login"
            }
        ],
        "cartIcon": true
    },
    "footer": {
        "text": "Fashion is temporary, style is forever.",
        "links": [
            {
                "label": "Legal",
                "href": "/universal/editorial/terms"
            },
            {
                "label": "Privacy",
                "href": "/universal/editorial/privacy"
            }
        ]
    }
}